{
  "devicePixelRatio": 1.0000000298023224,
  "viewport_only": true,
  "image": "screenshots\\current_state.png",
  "viewport": {
    "w": 1280,
    "h": 720
  },
  "elements": [
    {
      "id": "E1",
      "type": "link",
      "text": "",
      "bbox_css": {
        "x": 342.5,
        "y": 173.1666717529297,
        "w": 145,
        "h": 16.666667938232422
      },
      "bbox_px": {
        "x1": 340,
        "y1": 171,
        "x2": 489,
        "y2": 191
      }
    }
  ]
}